Kab kota,Ibu kota,Luas wilayah (km2),Jumlah penduduk (2022),IPM
Kabupaten Aceh Barat,Meulaboh,"2782,87",198858,12
Kabupaten Aceh Barat Daya,Blangpidie,"1882,28",153515,9
Kabupaten Aceh Besar,Kota Jantho,"2891,48",422241,23
Kabupaten Aceh Jaya,Calang,"3872,35",96049,9
Kabupaten Aceh Selatan,Tapak Tuan,"4175,38",234169,18
Kabupaten Aceh Singkil,Singkil,"1852,82",129674,11
Kabupaten Aceh Tamiang,Karang Baru,"2187,66",301800,12
Kabupaten Aceh Tengah,Takengon,"4468,42",219744,14
Kabupaten Aceh Tenggara,Kutacane,"4179,12",227921,16
Kabupaten Aceh Timur,Idi Rayeuk,"5409,41",434929,24
Kabupaten Aceh Utara,Lhoksukon,"2705,26",609705,27
Kabupaten Bener Meriah,Simpang Tiga Redelong,"1907,4",168469,10
Kabupaten Bireuen,Bireuen,"1796,99",445503,17
Kabupaten Gayo Lues,Blang Kejeren,"5541,29",101955,11
Kabupaten Nagan Raya,Suka Makmue,"3524,16",172827,10
Kabupaten Pidie,Sigli,"3177,49",436796,23
Kabupaten Pidie Jaya,Meureudu,939,160272,8
Kabupaten Simeulue,Sinabang,"1821,75",94560,10
Kota Banda Aceh,,"56,77",254024,9
Kota Langsa,,"224,24",186075,5
Kota Lhokseumawe,,"132,97",191688,4
Kota Sabang,,"122,06",42867,3
Kota Subulussalam,,"1183,6",96296,5
Kabupaten Asahan,Kisaran,"3737,83",791174,"70,49"
Kabupaten Batu Bara,Limapuluh,"888,14",443816,"68,58"
Kabupaten Dairi,Sidikalang,"2083,6",319583,"71,84"
Kabupaten Deli Serdang,Lubuk Pakam,"2581,23",1991108,"75,53"
Kabupaten Humbang Hasundutan,Dolok Sanggul,"2351,51",204377,"69,41"
Kabupaten Karo,Kabanjahe,"2206,88",410465,"74,83"
Kabupaten Labuhanbatu,Rantau Prapat,"2772,38",505875,"72,09"
Kabupaten Labuhanbatu Selatan,Kota Pinang,"3079,61",325451,"71,69"
Kabupaten Labuhanbatu Utara,Aek Kanopan,"3686,01",396555,"71,87"
Kabupaten Langkat,Stabat,"6140,04",1084108,"71,35"
Kabupaten Mandailing Natal,Panyabungan,"6547,26",491005,"67,19"
Kabupaten Nias,Gido,"902,4",145644,"62,74"
Kabupaten Nias Barat,Lahomi,"464,22",96938,"61,99"
Kabupaten Nias Selatan,Teluk Dalam,"2531,7",367970,"62,35"
Kabupaten Nias Utara,Lotu,"1238,06",152378,"62,82"
Kabupaten Padang Lawas,Sibuhuan,"3914,41",264041,"68,64"
Kabupaten Padang Lawas Utara,Gunung Tua,"3945,56",270595,"70,11"
Kabupaten Pakpak Bharat,Salak,"1365,61",55550,"67,94"
Kabupaten Samosir,Pangururan,"1850,04",142318,"70,83"
Kabupaten Serdang Bedagai,Sei Rampah,"1949,18",669746,"70,56"
Kabupaten Simalungun,Raya,"4601,48",1039056,"73,4"
Kabupaten Tapanuli Selatan,Sipirok,"4201,04",315713,"70,33"
Kabupaten Tapanuli Tengah,Pandan,"2307,68",366361,"69,61"
Kabupaten Tapanuli Utara,Tarutung,"3895,6",321514,"73,76"
Kabupaten Toba,Balige,"2291,62",213924,"75,39"
Kota Binjai,,"93,77",300499,"76,01"
Kota Gunungsitoli,,"208,68",137249,"69,61"
Kota Medan,,"279,29",2527050,"81,21"
Kota Padangsidimpuan,,"159,3",228744,"75,48"
Kota Pematangsiantar,,"75,92",274278,"79,17"
Kota Sibolga,,"11,47",95527,"73,94"
Kota Tanjungbalai,,"60,07",179589,"68,94"
Kota Tebing Tinggi,,"39,17",177029,"75,42"
Kabupaten Agam,Lubuk Basung,"2226,27",525136,"72,57"
Kabupaten Dharmasraya,Pulau Punjung,"2920,93",228801,"71,76"
Kabupaten Kepulauan Mentawai,Tua Pejat,"5983,22",91694,"61,35"
Kabupaten Lima Puluh Kota,Sarilamak,"3273,41",389837,"69,68"
Kabupaten Padang Pariaman,Parit Malintang,"1342,27",441688,"70,76"
Kabupaten Pasaman,Lubuk Sikaping,"3902,44",302271,"66,77"
Kabupaten Pasaman Barat,Simpang Ampek,"3852,99",437512,"68,76"
Kabupaten Pesisir Selatan,Painan,"6045,65",516600,"70,03"
Kabupaten Sijunjung,Muaro Sijunjung,"3150,58",240469,"67,86"
Kabupaten Solok,Arosuka,"3590,4",397276,"69,24"
Kabupaten Solok Selatan,Padang Aro,"3282,14",182181,"69,23"
Kabupaten Tanah Datar,Batusangkar,"1377,19",375327,"72,46"
Kota Bukittinggi,,"24,17",131817,"80,7"
Kota Padang,,"694,38",919660,"82,9"
Kota Padang Panjang,,"23,56",60449,"77,97"
Kota Pariaman,,"64,77",96733,"77,07"
Kota Payakumbuh,,"74,55",141813,"79,08"
Kota Sawahlunto,,"231,95",67344,"72,88"
Kota Solok,,"58,72",77535,"78,41"
Kabupaten Bengkalis,Bengkalis,"8616,36",634553,"73,58"
Kabupaten Indragiri Hilir,Tembilahan,"13521,26",676983,"66,63"
Kabupaten Indragiri Hulu,Rengat,"7871,85",455669,"70,01"
Kabupaten Kampar,Bangkinang,"10352,8",832975,"73,02"
Kabupaten Kepulauan Meranti,Selatpanjang,"3623,56",210843,"65,7"
Kabupaten Kuantan Singingi,Koto Taluk,"5457,86",341708,"70,6"
Kabupaten Pelalawan,Pangkalan Kerinci,"13262,11",402303,"72,08"
Kabupaten Rokan Hilir,Bagansiapiapi,"9068,46",649692,"69,34"
Kabupaten Rokan Hulu,Pasir Pengaraian,"7658,15",561313,"69,67"
Kabupaten Siak,Siak,"7805,54",463660,"73,98"
Kota Dumai,,"2059,61",331445,"74,75"
Kota Pekanbaru,,"638,33",1085246,"81,58"
Kabupaten Batanghari,Muara Bulian,"5387,52",307390,8
Kabupaten Bungo,Muara Bungo,"4760,83",361819,17
Kabupaten Kerinci,Siulak,"3445,2",257781,16
Kabupaten Merangin,Bangko,"7540,12",373472,24
Kabupaten Muaro Jambi,Sengeti,"5225,8",422051,11
Kabupaten Sarolangun,Sarolangun,"5935,89",290491,10
Kabupaten Tanjung Jabung Barat,Kuala Tungkal,"5546,06",324160,13
Kabupaten Tanjung Jabung Timur,Muara Sabak,"4546,62",233102,11
Kabupaten Tebo,Muara Tebo,"6103,74",350234,12
Kota Jambi,,"169,89",622014,11
Kota Sungai Penuh,,"364,92",100249,8
Kabupaten Banyuasin,Pangkalan Balai,"12262,76",826755,21
Kabupaten Empat Lawang,Tebing Tinggi,"2234,1",335368,10
Kabupaten Lahat,Lahat,"4333,07",436312,24
Kabupaten Muara Enim,Muara Enim,"6763,91",622337,22
Kabupaten Musi Banyuasin,Sekayu,"14550,79",668654,14
Kabupaten Musi Rawas,Muara Beliti,"6122,59",411196,14
Kabupaten Musi Rawas Utara,Rupit,"5937,8",195220,7
Kabupaten Ogan Ilir,Indralaya,"2302,86",429156,16
Kabupaten Ogan Komering Ilir,Kayu Agung,"17071,33",755494,18
Kabupaten Ogan Komering Ulu,Baturaja,"3774,5",374080,13
Kabupaten Ogan Komering Ulu Selatan,Muaradua,"4369,25",417871,19
Kabupaten Ogan Komering Ulu Timur,Martapura,"3412,72",667141,20
Kabupaten Penukal Abab Lematang Ilir,Talang Ubi,"1842,56",202062,5
Kota Lubuk Linggau,,"367,73",234830,8
Kota Pagaralam,,"625,91",147949,5
Kota Palembang,,"352,51",1721392,18
Kota Prabumulih,,"447,31",200869,6
Kabupaten Bengkulu Selatan,Kota Manna,"1219,22",170931,11
Kabupaten Bengkulu Tengah,Karang Tinggi,"1132,38",119599,10
Kabupaten Bengkulu Utara,Kota Arga Makmur,"4481,99",296130,19
Kabupaten Kaur,Kaur Selatan,"2608,56",131867,15
Kabupaten Kepahiang,Kepahiang,"738,97",153232,8
Kabupaten Lebong,Tubei,"1666,62",110233,13
Kabupaten Mukomuko,Kota Mukomuko,"4138,68",193154,15
Kabupaten Rejang Lebong,Curup,"1559,42",282349,15
Kabupaten Seluma,Pasar Tais,"2432,16",214089,14
Kota Bengkulu,,"150,35",375526,9
Kabupaten Lampung Barat,Liwa,"2107,99",307818,15
Kabupaten Lampung Selatan,Kalianda,"2227,38",1073867,17
Kabupaten Lampung Tengah,Gunung Sugih,"4559,57",1367335,28
Kabupaten Lampung Timur,Sukadana,"3860,92",1103348,24
Kabupaten Lampung Utara,Kotabumi,"2669,3",652623,23
Kabupaten Mesuji,Wiralaga Mulya,"2200,41",232140,7
Kabupaten Pesawaran,Gedong Tataan,"1288,08",478558,11
Kabupaten Pesisir Barat,Krui,"2939,6",167339,11
Kabupaten Pringsewu,Pringsewu,"617,19",423837,9
Kabupaten Tanggamus,Kota Agung,"2947,59",618155,20
Kabupaten Tulang Bawang,Menggala,"3116,06",429130,15
Kabupaten Tulang Bawang Barat,Panaragan Jaya,"1257,09",300328,9
Kabupaten Way Kanan,Blambangan Umpu,"3522,11",481104,14
Kota Bandar Lampung,,"183,75",1092506,20
Kota Metro,,"73,21",173478,5
Kabupaten Bangka,Sungai Liat,"3016,85",324232,8
Kabupaten Bangka Barat,Muntok,"2851,41",206937,6
Kabupaten Bangka Selatan,Toboali,"3598,24",201948,8
Kabupaten Bangka Tengah,Koba,"2259,98",200110,6
Kabupaten Belitung,Tanjung Pandan,"2270,71",183353,5
Kabupaten Belitung Timur,Manggar,"2588,4",127899,7
Kota Pangkalpinang,,"104,54",227948,7
Kabupaten Bintan,Bandar Seri Bentan,"1317,15",169447,10
Kabupaten Karimun,Tanjung Balai Karimun,"930,45",262075,14
Kabupaten Kepulauan Anambas,Tarempa,"627,03",48084,9
Kabupaten Lingga,Daik,"2210,82",102150,13
Kabupaten Natuna,Ranai,"1999,16",82824,17
Kota Batam,,"1034,73",1207082,12
Kota Tanjungpinang,,"150,37",229553,4
Kabupaten Administrasi Kepulauan Seribu,Pulau Pramuka,"10,18",27749,2
Kota Administrasi Jakarta Barat,Kembangan,"124,44",2434511,8
Kota Administrasi Jakarta Pusat,Menteng,"52,38",1056896,8
Kota Administrasi Jakarta Selatan,Kebayoran Baru,"154,32",2226812,10
Kota Administrasi Jakarta Timur,Cakung,"182,7",3037139,10
Kota Administrasi Jakarta Utara,Koja,"139,99",1778981,6
Kabupaten Bandung,Soreang,"1767,96",3623790,31
Kabupaten Bandung Barat,Ngamprah,"1305,77",1788336,16
Kabupaten Bekasi,Cikarang Pusat,"1224,88",3113071,23
Kabupaten Bogor,Cibinong,"2710,62",5427068,40
Kabupaten Ciamis,Ciamis,"1414,71",1229069,27
Kabupaten Cianjur,Cianjur,"3840,16",2477560,32
Kabupaten Cirebon,Sumber,"984,52",2270621,40
Kabupaten Garut,Tarogong Kidul,"3074,07",2585607,42
Kabupaten Indramayu,Indramayu,"2040,11",1834434,31
Kabupaten Karawang,Karawang Barat,"1652,2",2439085,30
Kabupaten Kuningan,Kuningan,"1110,56",1167686,32
Kabupaten Majalengka,Majalengka,"1204,24",1305476,26
Kabupaten Pangandaran,Parigi,1010,423667,10
Kabupaten Purwakarta,Purwakarta,"825,74",997869,17
Kabupaten Subang,Subang,"1893,95",1595320,30
Kabupaten Sukabumi,Palabuhanratu,"4145,7",2725450,47
Kabupaten Sumedang,Sumedang Utara,"1518,33",1152507,26
Kabupaten Tasikmalaya,Singaparna,"2551,19",1865203,39
Kota Bandung,,"167,67",2444160,30
Kota Banjar,,"113,49",200973,4
Kota Bekasi,,"206,61",2543676,12
Kota Bogor,,"118,5",1043070,6
Kota Cimahi,,"39,27",568700,3
Kota Cirebon,,"37,36",333303,5
Kota Depok,,"200,29",2056335,11
Kota Sukabumi,,"48,25",336325,7
Kota Tasikmalaya,,"171,61",716155,10
Kabupaten Banjarnegara,Banjarnegara,"1023,73",1017767,20
Kabupaten Banyumas,Purwokerto,"1335,3",1776918,27
Kabupaten Batang,Batang,"788,65",801718,15
Kabupaten Blora,Blora,"1821,59",884333,16
Kabupaten Boyolali,Boyolali,"1008,45",1062713,22
Kabupaten Brebes,Brebes,"1902,37",1978759,17
Kabupaten Cilacap,Cilacap,"2124,47",1944857,24
Kabupaten Demak,Demak,"900,12",1203956,14
Kabupaten Grobogan,Purwodadi,"2013,86",1453526,19
Kabupaten Jepara,Jepara,"1059,25",1184947,16
Kabupaten Karanganyar,Karanganyar,"775,44",931693,17
Kabupaten Kebumen,Kebumen,"1211,74",1350438,26
Kabupaten Kendal,Kendal,"1118,13",1018505,20
Kabupaten Klaten,Klaten,"658,22",1260506,26
Kabupaten Kudus,Kudus,"425,15",849184,9
Kabupaten Magelang,Mungkid,"1102,93",1299859,21
Kabupaten Pati,Pati,"1489,19",1324188,21
Kabupaten Pekalongan,Kajen,837,968821,19
Kabupaten Pemalang,Pemalang,"1118,03",1471489,14
Kabupaten Purbalingga,Purbalingga,"677,55",998561,18
Kabupaten Purworejo,Purworejo,"1091,49",769880,16
Kabupaten Rembang,Rembang,"887,13",645333,14
Kabupaten Semarang,Ungaran,"950,21",1053094,19
Kabupaten Sragen,Sragen,"941,54",976951,20
Kabupaten Sukoharjo,Sukoharjo,"489,12",907587,12
Kabupaten Tegal,Slawi,"876,1",1596996,18
Kabupaten Temanggung,Temanggung,"837,71",790174,20
Kabupaten Wonogiri,Wonogiri,"1793,67",1043177,25
Kabupaten Wonosobo,Wonosobo,"981,41",879124,15
Kota Magelang,,"16,06",121526,3
Kota Pekalongan,,"45,25",307150,4
Kota Salatiga,,"57,36",192322,4
Kota Semarang,,"373,78",1653524,16
Kota Surakarta,,"46,01",522364,5
Kota Tegal,,"39,68",273825,4
Kabupaten Bantul,Bantul,"506,86",985770,17
Kabupaten Gunungkidul,Wonosari,"1485,36",747161,18
Kabupaten Kulon Progo,Wates,"586,27",436935,12
Kabupaten Sleman,Sleman,"574,82",1125804,17
Kota Yogyakarta,,"32,5",373589,14
Kabupaten Bangkalan,Bangkalan,"1001,44",1060377,18
Kabupaten Banyuwangi,Banyuwangi,"5782,4",1708114,25
Kabupaten Blitar,Kanigoro,"1336,48",1223745,22
Kabupaten Bojonegoro,Bojonegoro,"2198,79",1301635,28
Kabupaten Bondowoso,Bondowoso,"1525,97",776151,23
Kabupaten Gresik,Gresik,"1191,25",1311215,18
Kabupaten Jember,Jember,"3092,34",2536729,31
Kabupaten Jombang,Jombang,"1115,09",1318062,21
Kabupaten Kediri,Pamenang,"1386,05",1635924,26
Kabupaten Lamongan,Lamongan,"1782,05",1344165,27
Kabupaten Lumajang,Lumajang,"1790,9",1119251,21
Kabupaten Madiun,Caruban,"1037,58",744350,15
Kabupaten Magetan,Magetan,"688,84",670812,18
Kabupaten Malang,Kepanjen,"3530,65",2654448,33
Kabupaten Mojokerto,Mojosari,"717,83",1119209,18
Kabupaten Nganjuk,Nganjuk,"1224,25",1103902,20
Kabupaten Ngawi,Ngawi,"1295,98",870057,19
Kabupaten Pacitan,Pacitan,"1389,92",586110,12
Kabupaten Pamekasan,Pamekasan,"792,24",850057,13
Kabupaten Pasuruan,Bangil,"1474,02",1605969,24
Kabupaten Ponorogo,Ponorogo,"1305,7",949318,21
Kabupaten Probolinggo,Kraksaan,"1696,21",1152537,24
Kabupaten Sampang,Sampang,"1233,08",969694,14
Kabupaten Sidoarjo,Sidoarjo,"634,38",2082801,18
Kabupaten Situbondo,Situbondo,"1669,87",685967,17
Kabupaten Sumenep,Sumenep,"1998,54",1124436,27
Kabupaten Trenggalek,Trenggalek,"1147,22",731125,14
Kabupaten Tuban,Tuban,"1834,15",1198012,20
Kabupaten Tulungagung,Tulungagung,"1055,65",1089775,19
Kota Batu,,"136,74",213046,3
Kota Blitar,,"32,57",149149,3
Kota Kediri,,"63,4",286796,3
Kota Madiun,,"33,29",195175,3
Kota Malang,,"145,28",843810,5
Kota Mojokerto,,"16,47",132434,3
Kota Pasuruan,,"35,29",208006,4
Kota Probolinggo,,"56,67",239649,5
Kota Surabaya,,"350,54",2874314,31
Kabupaten Lebak,Rangkasbitung,"3426,56",1386793,28
Kabupaten Pandeglang,Pandeglang,"2746,89",1272687,35
Kabupaten Serang,Ciruas,"1734,28",1622630,29
Kabupaten Tangerang,Tigaraksa,"1011,86",3245619,29
Kota Cilegon,,"175,5",434896,8
Kota Serang,,"266,71",692101,6
Kota Tangerang,,"153,93",1895486,13
Kota Tangerang Selatan,,"147,19",1354350,7
Kabupaten Badung,Mangupura,"398,75",517969,6
Kabupaten Bangli,Bangli,"526,76",255413,4
Kabupaten Buleleng,Singaraja,"1322,75",827642,9
Kabupaten Gianyar,Gianyar,"364,36",501870,7
Kabupaten Jembrana,Negara,"849,13",325879,5
Kabupaten Karangasem,Amlapura,"839,32",522729,8
Kabupaten Klungkung,Semarapura,"313,96",217469,4
Kabupaten Tabanan,Tabanan,"849,31",465086,10
Kota Denpasar,,"125,87",653136,4
Kabupaten Bima,Woha,"3405,63",533274,18
Kabupaten Dompu,Dompu,"2391,54",241836,8
Kabupaten Lombok Barat,Gerung,"923,06",726228,10
Kabupaten Lombok Tengah,Praya,"1095,03",1059324,12
Kabupaten Lombok Timur,Selong,"1230,76",1369918,20
Kabupaten Lombok Utara,Tanjung,"776,25",252942,5
Kabupaten Sumbawa,Sumbawa,"6643,98",509753,24
Kabupaten Sumbawa Barat,Taliwang,"1849,02",148606,8
Kota Bima,,"222,25",155140,5
Kota Mataram,,"61,3",441506,6
Kabupaten Alor,Kalabahi,"2864,6",211872,17
Kabupaten Belu,Atambua,"1284,97",217973,12
Kabupaten Ende,Ende,"2046,5",270763,21
Kabupaten Flores Timur,Larantuka,"1813,2",276896,19
Kabupaten Kupang,Oelamasi,"5434,76",366383,24
Kabupaten Lembata,Lewoleba,1266,135930,9
Kabupaten Malaka,Betun,"1160,63",183898,12
Kabupaten Manggarai,Ruteng,"2096,44",312855,12
Kabupaten Manggarai Barat,Labuan Bajo,"2397,03",256317,12
Kabupaten Manggarai Timur,Borong,"2642,93",275603,9
Kabupaten Nagekeo,Mbay,"1416,96",159732,7
Kabupaten Ngada,Bajawa,"1645,88",165254,12
Kabupaten Rote Ndao,Baa,1280,143764,10
Kabupaten Sabu Raijua,Menia,"460,54",89327,6
Kabupaten Sikka,Maumere,"1731,9",321953,21
Kabupaten Sumba Barat,Kota Waikabubak,"737,42",145097,6
Kabupaten Sumba Barat Daya,Kota Tambolaka,"1480,46",303650,11
Kabupaten Sumba Tengah,Waibakul,"1868,74",85482,5
Kabupaten Sumba Timur,Kota Waingapu,"7000,5",244820,22
Kabupaten Timor Tengah Selatan,Kota Soe,3947,455410,32
Kabupaten Timor Tengah Utara,Kota Kefamenanu,"2669,7",259829,24
Kota Kupang,,"180,27",442758,6
Kabupaten Bengkayang,Bengkayang,"5396,3",291752,17
Kabupaten Kapuas Hulu,Putussibau,"29842,03",268840,23
Kabupaten Kayong Utara,Sukadana,"4568,26",128009,6
Kabupaten Ketapang,Ketapang,31588,591917,20
Kabupaten Kubu Raya,Sungai Raya,8492,620126,9
Kabupaten Landak,Ngabang,8831,406946,13
Kabupaten Melawi,Nanga Pinoh,"10640,8",235025,11
Kabupaten Mempawah,Mempawah,"2797,88",307742,9
Kabupaten Sambas,Sambas,"6394,7",629905,19
Kabupaten Sanggau,Kapuas,"12857,7",492770,15
Kabupaten Sekadau,Sekadau Hilir,"6263,07",214429,7
Kabupaten Sintang,Sintang,21638,421306,14
Kota Pontianak,,"118,32",676096,6
Kota Singkawang,,504,242146,5
Kabupaten Barito Selatan,Buntok,8830,131140,6
Kabupaten Barito Timur,Tamiang Layang,3834,113229,10
Kabupaten Barito Utara,Muara Teweh,8300,154812,9
Kabupaten Gunung Mas,Kuala Kurun,10805,135373,12
Kabupaten Kapuas,Kuala Kapuas,14999,410446,17
Kabupaten Katingan,Kasongan,17500,162222,13
Kabupaten Kotawaringin Barat,Pangkalan Bun,10759,270388,6
Kabupaten Kotawaringin Timur,Sampit,16796,428895,17
Kabupaten Lamandau,Nanga Bulik,6414,97611,8
Kabupaten Murung Raya,Puruk Cahu,23700,111527,10
Kabupaten Pulang Pisau,Pulang Pisau,8997,134499,8
Kabupaten Seruyan,Kuala Pembuang,16404,162906,10
Kabupaten Sukamara,Sukamara,3827,63464,5
Kota Palangka Raya,,"2399,5",293457,5
Kabupaten Balangan,Paringin,"1878,3",130355,8
Kabupaten Banjar,Martapura,4668,565635,20
Kabupaten Barito Kuala,Marabahan,"2996,46",313021,17
Kabupaten Hulu Sungai Selatan,Kandangan,"1804,94",228006,11
Kabupaten Hulu Sungai Tengah,Barabai,1472,258721,11
Kabupaten Hulu Sungai Utara,Amuntai,"892,7",226727,10
Kabupaten Kotabaru,Kotabaru,"9482,73",325622,21
Kabupaten Tabalong,Tanjung,"3766,97",253305,12
Kabupaten Tanah Bumbu,Batulicin,"5006,96",322646,10
Kabupaten Tanah Laut,Pelaihari,"3631,35",348966,11
Kabupaten Tapin,Rantau,"2700,82",189475,12
Kota Banjarbaru,,371,253442,5
Kota Banjarmasin,,72,657663,5
Kabupaten Berau,Tanjung Redeb,"36962,37",238214,13
Kabupaten Kutai Barat,Sendawar,"20384,6",165938,16
Kabupaten Kutai Kartanegara,Tenggarong,"27263,1",734485,18
Kabupaten Kutai Timur,Sangatta,"35747,5",424334,18
Kabupaten Mahakam Ulu,Ujoh Bilang,15315,35010,5
Kabupaten Paser,Tanah Grogot,"7730,88",277401,10
Kabupaten Penajam Paser Utara,Penajam,"3333,06",181349,4
Kota Balikpapan,,533,727655,6
Kota Bontang,,"149,8",185928,3
Kota Samarinda,,718,834824,10
Kabupaten Bulungan,Tanjung Selor,"13925,72",151800,10
Kabupaten Malinau,Malinau,"42620,7",82500,15
Kabupaten Nunukan,Nunukan,"13841,9",199090,21
Kabupaten Tana Tidung,Tideng Pale,"4828,58",25600,5
Kota Tarakan,,"250,8",242800,4
Kabupaten Bolaang Mongondow,Lolak,"5397,69",248751,15
Kabupaten Bolaang Mongondow Selatan,Bolaang Uki,"1932,6",69791,7
Kabupaten Bolaang Mongondow Timur,Tutuyan,"910,18",87241,7
Kabupaten Bolaang Mongondow Utara,Boroko,"1856,86",83112,6
Kabupaten Kepulauan Sangihe,Tahuna,"736,98",139262,15
Kabupaten Kepulauan Siau Tagulandang Biaro,Ondong Siau,"275,96",72135,10
Kabupaten Kepulauan Talaud,Melonguane,"1251,02",113521,19
Kabupaten Minahasa,Tondano,"1025,85",348670,25
Kabupaten Minahasa Selatan,Amurang,"1456,46",238740,17
Kabupaten Minahasa Tenggara,Ratahan,"730,63",117079,12
Kabupaten Minahasa Utara,Airmadidi,"1059,24",224993,10
Kota Bitung,,"313,51",225134,8
Kota Kotamobagu,,"184,33",125492,4
Kota Manado,,"162,53",476910,11
Kota Tomohon,,"147,21",100587,5
Kabupaten Banggai,Luwuk,"9672,7",382276,23
Kabupaten Banggai Kepulauan,Salakan,"2488,79",120142,12
Kabupaten Banggai Laut,Banggai,"725,67",70435,7
Kabupaten Buol,Buol,"4043,57",145254,11
Kabupaten Donggala,Banawa,"5275,69",304110,16
Kabupaten Morowali,Bungku Tengah,5472,176244,9
Kabupaten Morowali Utara,Kolonodale,"10004,28",128323,10
Kabupaten Parigi Moutong,Parigi,"6231,85",499086,23
Kabupaten Poso,Poso,"7112,25",248345,19
Kabupaten Sigi,Sigi Biromaru,"5196,02",259681,15
Kabupaten Tojo Una-Una,Ampana Kota,"5721,15",165574,12
Kabupaten Tolitoli,Baolan,"4079,77",228641,10
Kota Palu,,"395,06",372113,8
Kabupaten Bantaeng,Bantaeng,"395,83",196716,497
Kabupaten Barru,Barru,"1174,72",186910,159
Kabupaten Bone,Watampone,4559,801775,176
Kabupaten Bulukumba,Ujung Bulu,"1154,58",437610,379
Kabupaten Enrekang,Enrekang,"1786,01",225172,126
Kabupaten Gowa,Sungguminasa,"1883,33",768682,408
Kabupaten Jeneponto,Bontosunggu,"749,79",415462,554
Kabupaten Kepulauan Selayar,Benteng,"1357,03",137071,101
Kabupaten Luwu,Belopa,"2909,08",365608,126
Kabupaten Luwu Timur,Malili,"6944,88",305521,44
Kabupaten Luwu Utara,Masamba,"7502,58",327820,44
Kabupaten Maros,Turikale,"1619,12",403774,249
Kabupaten Pangkajene dan Kepulauan,Pangkajene,"898,29",352949,393
Kabupaten Pinrang,Watang Sawitto,"1961,77",414710,211
Kabupaten Sidenreng Rappang,Pangkajene Sidenreng,"1102,1",301972,274
Kabupaten Sinjai,Balangnipa,"819,96",268496,328
Kabupaten Soppeng,Watansoppeng,1500,236049,157
Kabupaten Takalar,Pattallassang,"566,51",304856,538
Kabupaten Tana Toraja,Makale,"2054,3",291046,142
Kabupaten Toraja Utara,Rantepao,"1151,47",268198,233
Kabupaten Wajo,Sengkang,"2506,19",379396,151
Kota Makassar,,"175,77",1571814,8943
Kota Palopo,,"247,52",190867,771
Kota Parepare,,"99,33",154854,1559
Kabupaten Bombana,Rumbia,"3316,16",150706,22
Kabupaten Buton,Pasarwajo,"1648,04",119353,7
Kabupaten Buton Selatan,Batauga,510,99173,7
Kabupaten Buton Tengah,Labungkari,958,118907,7
Kabupaten Buton Utara,Buranga,"1923,03",68553,6
Kabupaten Kolaka,Kota Kolaka,"3283,59",243832,12
Kabupaten Kolaka Timur,Tirawuta,"3992,53",125311,13
Kabupaten Kolaka Utara,Lasusua,3392,139319,15
Kabupaten Konawe,Kota Unaaha,"6087,68",266299,27
Kabupaten Konawe Kepulauan,Langara,"867,58",38849,7
Kabupaten Konawe Selatan,Andolo,"4237,74",317826,25
Kabupaten Konawe Utara,Wanggudu,"5101,76",62403,13
Kabupaten Muna,Kota Raha,"2057,69",223991,22
Kabupaten Muna Barat,Sawerigadi,"1022,89",84182,11
Kabupaten Wakatobi,Wangi-Wangi,"473,62",111402,8
Kota Baubau,,"295,07",167519,8
Kota Kendari,,"271,8",347381,10
Kabupaten Boalemo,Tilamuta,"2567,36",147038,7
Kabupaten Bone Bolango,Suwawa,"1984,31",158550,18
Kabupaten Gorontalo,Limboto,"2124,6",415198,19
Kabupaten Gorontalo Utara,Kwandang,"1777,02",126581,11
Kabupaten Pohuwato,Marisa,"4244,31",157660,13
Kota Gorontalo,,"79,02",203205,9
Kabupaten Majene,Banggae,"947,84",173844,8
Kabupaten Mamasa,Mamasa,"3005,88",165310,17
Kabupaten Mamuju,Mamuju,"4979,89",278764,11
Kabupaten Mamuju Tengah,Tobadak,"3100,87",135280,5
Kabupaten Pasangkayu,Pasangkayu,"3043,75",193098,12
Kabupaten Polewali Mandar,Polewali,"2022,3",491014,16
Kabupaten Buru,Namlea,"4932,32",130696,10
Kabupaten Buru Selatan,Namrole,"3780,56",72993,6
Kabupaten Kepulauan Aru,Dobo,"8152,42",102272,10
Kabupaten Kepulauan Tanimbar,Saumlaki,"4465,79",122337,10
Kabupaten Maluku Barat Daya,Tiakur,"4581,06",66805,17
Kabupaten Maluku Tengah,Masohi,"7953,81",422065,18
Kabupaten Maluku Tenggara,Langgur,"1031,81",125704,11
Kabupaten Seram Bagian Barat,Piru,"5033,38",208009,11
Kabupaten Seram Bagian Timur,Bula,"6429,88",131707,15
Kota Ambon,,"298,61",375760,5
Kota Tual,,"254,39",84585,5
Kabupaten Halmahera Barat,Jailolo,"1704,2",132427,8
Kabupaten Halmahera Selatan,Labuha,"8148,9",247378,30
Kabupaten Halmahera Tengah,Weda,"2653,76",50164,10
Kabupaten Halmahera Timur,Kota Maba,"6571,37",90924,10
Kabupaten Halmahera Utara,Tobelo,"3896,9",194291,17
Kabupaten Kepulauan Sula,Sanana,"3304,32",110507,12
Kabupaten Pulau Morotai,Daruba,2476,66983,5
Kabupaten Pulau Taliabu,Bobong,"1469,93",56202,8
Kota Ternate,,"111,39",215524,7
Kota Tidore Kepulauan,,"1645,73",111431,8
Kabupaten Biak Numfor,Biak,2602,134650,19
Kabupaten Jayapura,Sentani,"11157,15",166171,19
Kabupaten Keerom,Arso,8390,61623,11
Kabupaten Kepulauan Yapen,Serui Kota,2050,112676,16
Kabupaten Mamberamo Raya,Burmeso,"23813,91",36483,8
Kabupaten Sarmi,Sarmi,17742,41515,10
Kabupaten Supiori,Sorendiweri,"678,32",22547,5
Kabupaten Waropen,Oudate,"10977,09",33943,11
Kota Jayapura,,"935,92",398478,5
Kabupaten Fakfak,Fakfak,14320,85197,17
Kabupaten Kaimana,Kaimana,"16241,84",62256,7
Kabupaten Manokwari,Manokwari,"3186,28",192663,9
Kabupaten Manokwari Selatan,Ransiki,"2812,44",35949,6
Kabupaten Pegunungan Arfak,Anggi,"2773,74",38207,10
Kabupaten Teluk Bintuni,Bintuni,"20840,83",87033,24
Kabupaten Teluk Wondama,Rasiei,"3959,53",41644,13
Kabupaten Asmat,Agats,"31983,69",110105,19
Kabupaten Boven Digoel,Tanah Merah,27108,64285,20
Kabupaten Mappi,Kepi,24118,108295,15
Kabupaten Merauke,Merauke,44071,230932,20
Kabupaten Deiyai,Tigi,"537,39",99091,5
Kabupaten Dogiyai,Kamu,"4237,4",116206,10
Kabupaten Intan Jaya,Sugapa,"3922,02",135043,8
Kabupaten Mimika,Timika,21633,311969,18
Kabupaten Nabire,Nabire,"11112,61",169136,15
Kabupaten Paniai,Enarotali,"6525,25",220410,23
Kabupaten Puncak,Ilaga,8055,114741,25
Kabupaten Puncak Jaya,Mulia,"5996,94",224527,26
Kabupaten Jayawijaya,Wamena,"13925,31",277923,40
Kabupaten Lanny Jaya,Tiom,"6077,4",201461,39
Kabupaten Mamberamo Tengah,Kobakma,"3743,64",51719,5
Kabupaten Nduga,Kenyam,12941,109630,32
Kabupaten Pegunungan Bintang,Oksibil,15683,78466,34
Kabupaten Tolikara,Karubaga,14564,244345,46
Kabupaten Yalimo,Elelim,"4330,29",103387,5
Kabupaten Yahukimo,Sumohai,17152,350880,51
Kabupaten Maybrat,Kumurkek,"5461,69",42991,24
Kabupaten Raja Ampat,Waisai,"8034,44",64141,24
Kabupaten Sorong,Aimas,"6544,23",118679,30
Kabupaten Sorong Selatan,Teminabuan,"6594,31",52469,15
Kabupaten Tambrauw,Fef,"11529,18",28379,29
Kota Sorong,,"656,64",284410,10
